Product,Stock,Percentage Sold,Revenue per unit
Heuchera Wild Rose 2ltr,40,12.5,£12.99
Heuchera Wild Rose 5ltr,30,5,£25.99
Lightweight Hedge Trimmer - EcoGrow,79,17,£69.45
Deluxe Shovel - BloomMaster,79,17,£6.05
Basic Planter - EarthMate,185,46,£4.4
Heavy-duty Tool Set - PlantPal,27,86,£30.67
Small Mulch - GardenPro,133,51,£19.76
Foldable Gloves - GrowWell,24,22,£71.4
Premium Pruner - GreenThumb,200,13,£90.07
Basic Shovel - GardenPro,90,24,£30.03
Compact Hedge Trimmer - GreenThumb,27,33,£76.04
Eco-friendly Gloves - EarthMate,125,89,£29.99
Basic Trowel - YardKing,124,7,£3.11
Large Wheelbarrow - GreenThumb,164,16,£6.18
Compact Pruner - YardKing,148,66,£83.51
Eco-friendly Soil - GardenPro,60,22,£20.56
Foldable Lawn Mower - EarthMate,110,82,£41.88
Premium Sprinkler - EcoGrow,67,28,£6.25
Lightweight Watering Can - GreenThumb,69,62,£47.13
Lightweight Pot - EarthMate,154,8,£28.78
Heavy-duty Tool Set - GreenThumb,182,26,£51.44
Heavy-duty Pot - PlantPal,147,73,£81.99
Basic Hose - GrowWell,177,42,£9.64
Lightweight Trowel - GreenThumb,196,60,£9.51
Compact Tool Set - LeafLover,161,80,£65.79
Foldable Hose - GardenPro,41,10,£45.94
Deluxe Planter - BloomMaster,61,27,£29.18
Heavy-duty Sprayer - GrowWell,139,63,£5.38
Basic Lawn Mower - EarthMate,179,31,£11.43
Premium Leaf Blower - LeafLover,40,8,£5.45
Large Sprayer - PlantPal,44,9,£10.51
Small Pruner - NatureCare,185,71,£11.41
Foldable Rake - EcoGrow,26,63,£52.0
Compact Watering Can - GrowWell,148,24,£50.44
Foldable Fertilizer - EcoGrow,31,15,£64.77
Premium Seeds - EarthMate,140,100,£82.56
Premium Soil - GardenPro,25,24,£91.88
Foldable Sprinkler - BloomMaster,182,20,£6.1
Premium Hose - BloomMaster,59,86,£66.3
Basic Sprinkler - EcoGrow,28,82,£51.31
Large Watering Can - EarthMate,133,35,£55.59
Premium Tool Set - BloomMaster,174,49,£1.81
Premium Mulch - YardKing,119,33,£61.98
Premium Gloves - BloomMaster,17,92,£21.78
Compact Gloves - BloomMaster,176,93,£87.87
Lightweight Watering Can - GardenPro,101,84,£14.18
Heavy-duty Trowel - YardKing,11,21,£41.89
Basic Tool Set - GardenPro,110,2,£48.95
Premium Hose - LeafLover,101,86,£55.25
Heavy-duty Sprinkler - EcoGrow,107,57,£49.26
Heavy-duty Watering Can - NatureCare,46,42,£73.16
Eco-friendly Shovel - BloomMaster,7,79,£81.03
Heavy-duty Hedge Trimmer - LeafLover,100,25,£82.67
Deluxe Mulch - EarthMate,140,23,£76.41
Lightweight Fertilizer - EarthMate,53,28,£74.6
Eco-friendly Fertilizer - NatureCare,16,57,£37.62
Foldable Trowel - BloomMaster,166,70,£6.8
Large Watering Can - NatureCare,94,8,£75.18
Premium Watering Can - LeafLover,127,90,£75.6
Foldable Pot - LeafLover,84,61,£6.14
Heavy-duty Pot - NatureCare,60,20,£58.58
Large Wheelbarrow - GrowWell,79,44,£74.33
Eco-friendly Mulch - GardenPro,140,66,£36.3
Compact Seeds - GardenPro,55,77,£17.74
Deluxe Pruner - NatureCare,92,4,£45.33
Foldable Pot - BloomMaster,112,77,£87.12
Compact Hose - BloomMaster,199,96,£13.5
Basic Watering Can - PlantPal,50,37,£40.14
Eco-friendly Pruner - EcoGrow,197,55,£63.66
Deluxe Hedge Trimmer - BloomMaster,104,44,£16.75
Heavy-duty Soil - GardenPro,119,99,£33.76
Premium Leaf Blower - GreenThumb,86,54,£25.58
Premium Soil - YardKing,119,64,£35.69
Lightweight Pruner - BloomMaster,21,61,£47.92
Large Watering Can - GreenThumb,64,38,£49.47
Compact Gloves - EarthMate,70,73,£42.33
Basic Sprayer - EcoGrow,64,41,£39.29
Heavy-duty Mulch - BloomMaster,74,32,£98.03
Lightweight Pot - YardKing,34,81,£80.54
Foldable Watering Can - GardenPro,191,50,£63.49
Lightweight Leaf Blower - EarthMate,125,4,£62.5
Basic Fertilizer - GreenThumb,193,80,£41.29
Small Lawn Mower - NatureCare,96,45,£62.39
Foldable Fertilizer - LeafLover,51,99,£38.79
Basic Fertilizer - NatureCare,118,80,£44.59
Premium Shovel - EcoGrow,51,4,£45.21
Premium Hedge Trimmer - GreenThumb,161,98,£14.79
Deluxe Seeds - EarthMate,149,12,£89.56
Large Shovel - NatureCare,152,29,£77.29
Basic Sprinkler - EarthMate,147,34,£47.04
Large Gloves - NatureCare,192,75,£38.41
Deluxe Shovel - NatureCare,145,23,£19.03
Heavy-duty Sprinkler - YardKing,17,65,£80.28
Eco-friendly Fertilizer - LeafLover,94,11,£22.94
Basic Leaf Blower - EarthMate,130,27,£83.02
Deluxe Tool Set - LeafLover,102,63,£12.85
Basic Rake - PlantPal,113,93,£72.69
Foldable Rake - EcoGrow,106,10,£14.43
Lightweight Shovel - PlantPal,103,63,£11.79
Premium Soil - BloomMaster,64,44,£40.92
Foldable Pot - LeafLover,190,17,£63.08
Foldable Seeds - NatureCare,92,14,£97.8
Basic Rake - LeafLover,11,52,£4.96
Small Seeds - BloomMaster,31,50,£76.26
Small Lawn Mower - NatureCare,65,94,£27.05
Lightweight Pot - GardenPro,68,91,£81.76
Compact Tool Set - YardKing,116,88,£93.01
Deluxe Rake - EcoGrow,78,88,£99.32
Small Tool Set - NatureCare,4,2,£90.62
Compact Leaf Blower - EcoGrow,61,58,£11.09
Basic Pruner - PlantPal,49,30,£49.92
Compact Gloves - LeafLover,51,6,£82.75
Heavy-duty Hedge Trimmer - EarthMate,166,49,£45.49
Premium Gloves - GrowWell,135,59,£89.23
Basic Trowel - YardKing,52,32,£64.63
Large Watering Can - GreenThumb,65,68,£71.09
Premium Pot - LeafLover,158,18,£83.25
Compact Leaf Blower - GardenPro,12,15,£31.45
Small Tool Set - EarthMate,94,52,£97.45
Heavy-duty Leaf Blower - LeafLover,48,41,£16.54
Large Wheelbarrow - GrowWell,20,37,£45.24
Heavy-duty Tool Set - GrowWell,164,16,£49.41
Foldable Trowel - PlantPal,35,60,£9.48
Large Hedge Trimmer - YardKing,42,42,£90.31
Deluxe Wheelbarrow - NatureCare,163,48,£97.19
Large Pruner - YardKing,1,62,£69.67
Deluxe Shovel - LeafLover,159,57,£7.09
Premium Soil - GardenPro,6,99,£58.25
Basic Pot - EarthMate,32,9,£80.46
Heavy-duty Mulch - NatureCare,8,68,£51.9
Lightweight Leaf Blower - EcoGrow,61,75,£50.75
Large Pot - GardenPro,192,76,£72.56
Basic Watering Can - GrowWell,75,40,£51.64
Lightweight Seeds - YardKing,22,76,£34.51
Lightweight Hedge Trimmer - EarthMate,173,48,£51.16
Compact Lawn Mower - BloomMaster,118,69,£14.14
Large Soil - YardKing,51,10,£32.45
Compact Fertilizer - GreenThumb,137,15,£94.66
Small Pruner - GardenPro,86,40,£80.34
Basic Shovel - LeafLover,175,26,£18.96
Compact Trowel - NatureCare,61,27,£47.03
Deluxe Fertilizer - YardKing,112,72,£26.15
Large Soil - NatureCare,117,38,£89.31
Large Seeds - GardenPro,17,10,£21.23
Compact Mulch - GreenThumb,31,78,£59.77
Premium Wheelbarrow - BloomMaster,121,42,£80.2
Foldable Seeds - GreenThumb,1,60,£47.98
Small Soil - PlantPal,145,51,£89.6
Basic Watering Can - GrowWell,171,32,£57.38
Lightweight Wheelbarrow - EcoGrow,99,84,£99.02
Premium Pruner - EarthMate,127,31,£5.16
Premium Pruner - PlantPal,106,80,£83.85
Large Tool Set - GardenPro,185,19,£38.92
Large Gloves - EcoGrow,95,95,£93.69
Large Wheelbarrow - GrowWell,89,60,£97.88
Large Fertilizer - EarthMate,97,18,£44.46
Heavy-duty Trowel - LeafLover,116,29,£88.94
Basic Mulch - EcoGrow,190,99,£49.8
Foldable Pruner - EarthMate,115,38,£29.83
Compact Sprayer - PlantPal,36,89,£50.78
Compact Pot - LeafLover,56,71,£94.3
Eco-friendly Tool Set - EcoGrow,42,22,£3.38
Lightweight Fertilizer - BloomMaster,137,18,£77.3
Lightweight Lawn Mower - EcoGrow,71,61,£22.67
Large Sprayer - EcoGrow,81,69,£43.6
Heavy-duty Watering Can - EarthMate,200,32,£20.68
Large Wheelbarrow - EcoGrow,55,29,£55.05
Large Pot - PlantPal,75,85,£73.81
Deluxe Soil - EarthMate,15,93,£17.08
Lightweight Wheelbarrow - YardKing,177,21,£13.73
Foldable Planter - YardKing,193,21,£1.1
Basic Fertilizer - GreenThumb,177,22,£49.89
Small Fertilizer - NatureCare,167,57,£54.81
Small Soil - EarthMate,139,40,£85.37
Large Trowel - EarthMate,43,46,£79.54
Eco-friendly Fertilizer - PlantPal,124,10,£53.24
Foldable Watering Can - EcoGrow,194,93,£60.69
Deluxe Planter - YardKing,6,32,£86.6
Basic Gloves - EarthMate,138,37,£48.69
Eco-friendly Gloves - EcoGrow,126,59,£18.11
Foldable Sprayer - NatureCare,172,66,£77.12
Basic Lawn Mower - GreenThumb,160,100,£60.63
Compact Gloves - GardenPro,141,3,£63.4
Basic Trowel - GardenPro,74,84,£81.83
Deluxe Gloves - PlantPal,165,20,£19.28
Large Wheelbarrow - NatureCare,165,55,£53.53
Foldable Gloves - EcoGrow,70,22,£26.84
Compact Seeds - EcoGrow,150,56,£80.43
Basic Lawn Mower - PlantPal,168,77,£78.58
Small Mulch - PlantPal,66,42,£10.06
Foldable Leaf Blower - EcoGrow,142,75,£4.54
Heavy-duty Lawn Mower - LeafLover,44,71,£96.9
Small Hedge Trimmer - PlantPal,117,10,£76.44
Foldable Tool Set - GardenPro,193,77,£2.34
Heavy-duty Tool Set - EarthMate,20,78,£48.43
Compact Pruner - GrowWell,157,75,£95.11
Heavy-duty Wheelbarrow - PlantPal,132,29,£18.39
Foldable Soil - NatureCare,167,50,£65.25
Premium Pruner - PlantPal,6,16,£87.63
Basic Hedge Trimmer - PlantPal,62,49,£48.0
Compact Hose - LeafLover,163,36,£86.98
Foldable Watering Can - BloomMaster,89,88,£60.82
Lightweight Hedge Trimmer - BloomMaster,134,20,£81.03
Small Hedge Trimmer - EarthMate,40,32,£76.21
Eco-friendly Pruner - PlantPal,59,65,£41.89
Premium Soil - EcoGrow,121,36,£69.13
Heavy-duty Tool Set - GardenPro,177,19,£42.24
Small Fertilizer - GrowWell,160,54,£43.0
Eco-friendly Trowel - GrowWell,140,33,£74.46
Premium Trowel - GrowWell,47,49,£1.98
Lightweight Sprinkler - PlantPal,49,34,£39.11
Heavy-duty Hose - GardenPro,158,62,£68.1
Basic Watering Can - EcoGrow,133,81,£91.54
Heavy-duty Seeds - BloomMaster,15,98,£6.07
Deluxe Tool Set - YardKing,84,65,£73.26
Eco-friendly Lawn Mower - PlantPal,78,59,£94.57
Premium Soil - GardenPro,89,39,£2.66
Basic Hose - BloomMaster,85,98,£1.91
Compact Sprinkler - GardenPro,49,92,£25.24
Lightweight Fertilizer - NatureCare,112,6,£22.77
Basic Pruner - NatureCare,180,33,£16.37
Small Wheelbarrow - EcoGrow,125,17,£60.94
Compact Pruner - YardKing,166,24,£38.36
Compact Soil - YardKing,82,17,£22.94
Foldable Trowel - EarthMate,174,76,£4.17
Compact Watering Can - GardenPro,174,79,£31.87
Large Pot - EcoGrow,136,99,£74.0
Large Hedge Trimmer - PlantPal,125,56,£6.87
Deluxe Gloves - NatureCare,30,40,£33.71
Premium Rake - EcoGrow,64,39,£63.64
Lightweight Planter - GardenPro,88,32,£63.23
Premium Lawn Mower - YardKing,18,64,£91.54
Large Pot - EcoGrow,137,22,£86.89
Basic Shovel - NatureCare,40,95,£43.45
Compact Trowel - PlantPal,20,20,£59.93
Large Wheelbarrow - NatureCare,45,1,£20.72
Compact Trowel - GreenThumb,93,59,£60.97
Foldable Planter - LeafLover,195,71,£87.37
Premium Tool Set - EcoGrow,140,7,£99.65
Basic Tool Set - EarthMate,20,60,£7.47
Heavy-duty Fertilizer - GrowWell,106,67,£17.16
Foldable Seeds - EcoGrow,30,48,£60.79
Compact Seeds - BloomMaster,94,49,£94.31
Basic Shovel - EarthMate,174,41,£67.53
Large Hose - NatureCare,61,16,£27.99
Eco-friendly Planter - NatureCare,182,11,£64.73
Foldable Pot - GardenPro,50,17,£97.3
Compact Soil - YardKing,127,64,£40.31
Compact Soil - LeafLover,79,100,£18.66
Foldable Hose - YardKing,42,57,£41.06
Basic Fertilizer - NatureCare,15,52,£98.92
Large Gloves - EcoGrow,134,97,£59.58
Deluxe Pot - GrowWell,86,51,£55.0
Eco-friendly Seeds - NatureCare,23,30,£71.89
Eco-friendly Pruner - LeafLover,69,39,£45.32
Basic Sprinkler - BloomMaster,127,48,£74.08
Basic Planter - GardenPro,21,3,£23.52
Foldable Soil - PlantPal,18,49,£4.68
Deluxe Shovel - GardenPro,102,10,£38.1
Premium Gloves - EcoGrow,84,36,£81.74
Heavy-duty Seeds - EcoGrow,188,80,£22.85
Small Gloves - NatureCare,158,38,£80.25
Basic Watering Can - GreenThumb,65,61,£35.73
Deluxe Hedge Trimmer - GrowWell,139,42,£84.23
Basic Planter - EarthMate,157,28,£52.75
Premium Sprayer - YardKing,41,37,£12.24
Eco-friendly Watering Can - BloomMaster,114,95,£86.97
Premium Pot - GardenPro,51,100,£22.95
Premium Lawn Mower - EarthMate,57,42,£42.49
Heavy-duty Gloves - LeafLover,144,42,£28.71
Lightweight Wheelbarrow - GreenThumb,67,98,£41.39
Basic Trowel - GreenThumb,118,75,£82.08
Eco-friendly Sprinkler - EarthMate,153,11,£93.55
Large Pot - GrowWell,56,13,£24.38
Foldable Watering Can - LeafLover,18,51,£97.28
Eco-friendly Lawn Mower - PlantPal,3,34,£45.38
Compact Shovel - YardKing,99,41,£9.88
Deluxe Tool Set - NatureCare,76,68,£54.22
Foldable Shovel - GrowWell,188,14,£69.0
Small Hedge Trimmer - PlantPal,181,87,£46.43
Premium Planter - GardenPro,69,79,£87.62
Heavy-duty Hedge Trimmer - GardenPro,155,85,£89.1
Basic Hedge Trimmer - NatureCare,99,52,£34.25
Eco-friendly Gloves - PlantPal,143,1,£51.1
Deluxe Hedge Trimmer - GrowWell,128,80,£94.23
Large Shovel - EcoGrow,66,53,£31.57
Large Lawn Mower - GardenPro,78,78,£62.62
Large Sprinkler - GreenThumb,9,12,£30.38
Small Seeds - GardenPro,83,91,£87.15
Large Leaf Blower - EcoGrow,91,73,£14.48
Large Watering Can - PlantPal,160,31,£26.71
Premium Soil - PlantPal,8,56,£56.35
Premium Trowel - YardKing,3,23,£92.47
Deluxe Wheelbarrow - GardenPro,8,44,£18.17
Small Hedge Trimmer - PlantPal,16,15,£51.39
Foldable Watering Can - YardKing,20,93,£10.43
Deluxe Leaf Blower - BloomMaster,123,3,£7.4
Eco-friendly Mulch - BloomMaster,132,69,£26.15
Basic Leaf Blower - EarthMate,156,74,£95.37
Lightweight Seeds - NatureCare,16,63,£17.58
Basic Wheelbarrow - YardKing,100,92,£32.41
Foldable Rake - LeafLover,129,27,£31.97
Basic Pot - PlantPal,49,95,£77.04
Eco-friendly Watering Can - PlantPal,124,35,£28.72
Basic Sprayer - EcoGrow,94,40,£74.4
Heavy-duty Sprinkler - GrowWell,108,30,£86.06
Premium Seeds - EcoGrow,93,62,£44.09
Heavy-duty Seeds - EcoGrow,94,29,£71.09
Lightweight Lawn Mower - GrowWell,170,17,£84.85
Small Watering Can - GreenThumb,184,73,£13.88
Small Watering Can - NatureCare,41,81,£40.93
Deluxe Shovel - GardenPro,59,79,£7.28
Heavy-duty Seeds - BloomMaster,136,28,£71.12
Foldable Pot - PlantPal,153,29,£74.26
Deluxe Gloves - GreenThumb,89,46,£34.44
Lightweight Seeds - LeafLover,65,79,£7.98
Deluxe Leaf Blower - YardKing,185,38,£60.5
Deluxe Sprayer - PlantPal,149,43,£49.81
Small Leaf Blower - NatureCare,62,19,£9.07
Foldable Sprayer - LeafLover,80,74,£19.03
Basic Hose - YardKing,78,64,£67.51
Small Pruner - GreenThumb,8,92,£84.93
Compact Shovel - EcoGrow,149,18,£65.32
Foldable Trowel - BloomMaster,73,97,£29.87
Heavy-duty Leaf Blower - GrowWell,61,57,£12.9
Deluxe Wheelbarrow - BloomMaster,10,15,£8.69
Basic Wheelbarrow - BloomMaster,156,96,£66.58
Basic Seeds - GreenThumb,86,51,£11.68
Lightweight Planter - EarthMate,72,50,£35.21
Lightweight Fertilizer - NatureCare,87,4,£94.95
Basic Soil - GreenThumb,165,36,£13.5
Foldable Gloves - GreenThumb,193,65,£43.96
Eco-friendly Trowel - EarthMate,4,23,£20.82
Foldable Leaf Blower - GrowWell,175,76,£98.99
Heavy-duty Planter - EarthMate,45,17,£81.88
Foldable Hedge Trimmer - YardKing,94,52,£81.95
Foldable Seeds - GrowWell,194,86,£73.09
Eco-friendly Seeds - BloomMaster,14,28,£50.47
Heavy-duty Planter - EcoGrow,68,56,£10.41
Compact Seeds - EarthMate,96,71,£61.15
Lightweight Hose - NatureCare,97,64,£16.4
Deluxe Rake - GardenPro,56,28,£43.74
Deluxe Mulch - EarthMate,20,21,£1.45
Compact Hedge Trimmer - EarthMate,175,94,£5.7
Deluxe Hose - GardenPro,117,45,£33.0
Small Tool Set - LeafLover,190,76,£66.59
Large Trowel - GreenThumb,2,52,£66.69
Eco-friendly Trowel - NatureCare,53,67,£54.39
Small Fertilizer - BloomMaster,189,98,£55.4
Compact Tool Set - YardKing,142,38,£99.7
Basic Fertilizer - EcoGrow,66,7,£48.88
Eco-friendly Wheelbarrow - YardKing,154,96,£63.02
Heavy-duty Seeds - NatureCare,76,13,£72.67
Heavy-duty Pot - EarthMate,184,87,£20.34
Basic Wheelbarrow - EcoGrow,135,21,£30.45
Foldable Hose - GreenThumb,135,39,£7.59
Eco-friendly Watering Can - GrowWell,123,47,£8.61
Large Hose - BloomMaster,134,91,£81.98
Compact Watering Can - EcoGrow,95,46,£49.14
Eco-friendly Shovel - NatureCare,58,15,£75.32
Compact Lawn Mower - GrowWell,48,98,£3.0
Large Pruner - PlantPal,137,35,£21.63
Deluxe Shovel - EcoGrow,140,85,£21.61
Deluxe Hose - GrowWell,28,35,£71.63
Deluxe Pruner - GrowWell,77,53,£65.35
Premium Leaf Blower - NatureCare,6,25,£24.22
Foldable Watering Can - GrowWell,186,68,£57.63
Deluxe Hedge Trimmer - BloomMaster,198,15,£7.46
Premium Hedge Trimmer - EarthMate,111,46,£64.06
Deluxe Watering Can - EcoGrow,62,46,£90.57
Premium Rake - LeafLover,43,50,£66.98
Premium Sprayer - EcoGrow,182,82,£90.92
Lightweight Mulch - PlantPal,1,81,£64.73
Heavy-duty Planter - PlantPal,78,86,£25.09
Deluxe Trowel - PlantPal,143,90,£99.11
Basic Hose - PlantPal,123,26,£10.7
Foldable Pot - BloomMaster,127,5,£56.23
Deluxe Shovel - BloomMaster,80,100,£95.7
Compact Leaf Blower - YardKing,6,70,£7.13
Heavy-duty Hedge Trimmer - GrowWell,83,63,£12.46
Compact Seeds - PlantPal,25,60,£5.44
Large Pruner - NatureCare,18,82,£44.57
Small Sprayer - LeafLover,13,9,£70.57
Lightweight Wheelbarrow - YardKing,147,94,£50.91
Deluxe Hedge Trimmer - LeafLover,169,9,£22.78
Foldable Shovel - LeafLover,4,100,£29.05
Premium Trowel - EcoGrow,74,75,£67.82
Deluxe Gloves - PlantPal,166,44,£31.34
Small Pot - EarthMate,73,86,£18.63
Basic Rake - GrowWell,168,80,£54.8
Basic Wheelbarrow - EarthMate,171,98,£43.52
Premium Wheelbarrow - EcoGrow,111,85,£80.11
Deluxe Planter - EcoGrow,119,90,£77.63
Small Tool Set - EcoGrow,73,64,£27.93
Premium Shovel - GrowWell,176,75,£40.35
Basic Trowel - BloomMaster,148,25,£27.49
Heavy-duty Wheelbarrow - LeafLover,186,17,£64.31
Heavy-duty Sprinkler - GrowWell,7,84,£90.88
Compact Pruner - PlantPal,35,11,£85.58
Small Rake - LeafLover,1,77,£75.75
Lightweight Wheelbarrow - NatureCare,119,54,£70.39
Lightweight Hedge Trimmer - EcoGrow,7,87,£62.2
Deluxe Trowel - EarthMate,45,87,£17.55
Basic Hose - PlantPal,121,55,£95.59
Small Gloves - BloomMaster,24,88,£6.75
Compact Mulch - YardKing,15,47,£45.98
Premium Tool Set - BloomMaster,154,41,£92.42
Eco-friendly Lawn Mower - GrowWell,176,34,£15.28
Lightweight Seeds - GardenPro,131,42,£20.46
Small Gloves - GreenThumb,37,21,£82.23
Large Seeds - YardKing,4,76,£19.44
Foldable Hedge Trimmer - EcoGrow,142,63,£47.18
Basic Lawn Mower - GrowWell,200,27,£37.28
Small Pruner - LeafLover,109,2,£66.3
Premium Leaf Blower - YardKing,181,58,£53.19
Small Wheelbarrow - EcoGrow,108,38,£61.35
Heavy-duty Tool Set - BloomMaster,100,12,£56.17
Eco-friendly Mulch - EcoGrow,9,23,£62.88
Premium Wheelbarrow - EcoGrow,24,14,£57.24
Heavy-duty Hose - LeafLover,13,74,£8.85
Heavy-duty Rake - EarthMate,13,75,£25.57
Large Soil - YardKing,111,35,£68.6
Lightweight Planter - GardenPro,112,54,£5.03
Large Hose - PlantPal,101,37,£43.71
Eco-friendly Tool Set - NatureCare,71,5,£53.36
Small Sprinkler - GrowWell,57,82,£40.8
Basic Sprinkler - GrowWell,85,45,£70.7
Deluxe Hose - PlantPal,157,6,£58.81
Large Pot - GrowWell,169,1,£89.41
Deluxe Gloves - BloomMaster,152,52,£86.12
Compact Pruner - EarthMate,166,95,£43.26
Small Hose - EarthMate,124,52,£19.75
Basic Shovel - NatureCare,142,63,£33.65
Compact Wheelbarrow - BloomMaster,80,38,£38.16
Basic Pruner - GardenPro,117,82,£1.15
Heavy-duty Planter - GrowWell,26,19,£56.69
Eco-friendly Mulch - GrowWell,102,79,£53.9
Small Planter - YardKing,91,40,£76.19
Heavy-duty Tool Set - LeafLover,103,31,£54.06
Premium Sprayer - PlantPal,20,91,£36.04
Deluxe Lawn Mower - NatureCare,188,36,£5.34
Foldable Pot - NatureCare,156,76,£96.13
Eco-friendly Soil - GardenPro,42,61,£8.0
Eco-friendly Sprayer - GrowWell,43,34,£81.64
Heavy-duty Pot - EcoGrow,9,97,£29.36
Compact Hose - GrowWell,177,56,£17.25
Eco-friendly Planter - PlantPal,134,98,£10.85
Premium Pruner - BloomMaster,54,56,£77.81
Basic Leaf Blower - BloomMaster,83,8,£93.24
Small Soil - YardKing,135,19,£77.54
Foldable Planter - PlantPal,141,4,£93.21
Foldable Watering Can - EarthMate,83,64,£38.43
Heavy-duty Watering Can - GreenThumb,112,17,£75.48
Premium Hedge Trimmer - LeafLover,134,71,£54.37
Eco-friendly Hose - NatureCare,169,92,£83.55
Compact Hose - NatureCare,187,87,£29.55
Deluxe Fertilizer - PlantPal,160,19,£9.73
Premium Pruner - EcoGrow,93,19,£24.43
Basic Pot - GreenThumb,23,7,£71.49
Deluxe Trowel - GardenPro,188,45,£57.67
Large Sprinkler - EcoGrow,107,71,£34.05
Basic Trowel - GardenPro,163,34,£94.88
Large Watering Can - GrowWell,89,16,£37.02
Small Shovel - PlantPal,46,89,£15.11
Foldable Pruner - LeafLover,122,25,£37.58
Lightweight Sprinkler - EcoGrow,120,13,£69.75
Compact Soil - GrowWell,106,25,£47.37
Basic Pot - GrowWell,137,43,£15.39
Foldable Hedge Trimmer - EcoGrow,187,98,£41.94
Foldable Pot - EarthMate,59,24,£19.72
Heavy-duty Leaf Blower - EcoGrow,183,81,£21.84
Foldable Soil - BloomMaster,91,75,£4.55
Foldable Mulch - EarthMate,41,10,£52.73
Lightweight Rake - EarthMate,158,38,£6.59
Basic Seeds - GreenThumb,95,82,£83.74
Foldable Sprayer - GardenPro,137,4,£4.64
Basic Trowel - GardenPro,153,40,£33.83
Premium Sprinkler - GreenThumb,178,45,£84.25
Heavy-duty Tool Set - GrowWell,10,13,£29.64
Premium Rake - GreenThumb,8,8,£17.33
Basic Rake - NatureCare,53,39,£20.28
Small Gloves - BloomMaster,7,66,£11.75
Deluxe Sprayer - YardKing,93,33,£74.47
Premium Trowel - GrowWell,94,93,£45.19
Compact Seeds - YardKing,90,49,£36.81
Small Leaf Blower - YardKing,111,21,£4.08
Compact Mulch - GreenThumb,90,65,£90.24
Premium Shovel - GreenThumb,158,58,£71.59
Small Seeds - BloomMaster,43,88,£95.91
Foldable Watering Can - GreenThumb,53,5,£50.88
Large Shovel - YardKing,23,85,£77.81
Deluxe Rake - GreenThumb,193,34,£44.94
Large Hedge Trimmer - GrowWell,69,28,£9.66
Lightweight Rake - LeafLover,195,43,£3.07
Compact Pruner - GardenPro,197,94,£30.73
Basic Lawn Mower - GrowWell,124,48,£43.76
Heavy-duty Rake - GrowWell,184,30,£77.45
Foldable Trowel - GrowWell,166,6,£31.51
Large Mulch - NatureCare,159,24,£23.16
Large Mulch - NatureCare,35,14,£69.94
Premium Leaf Blower - EarthMate,7,15,£69.27
Deluxe Pot - GreenThumb,43,55,£3.15
Basic Tool Set - BloomMaster,21,79,£46.87
Deluxe Soil - PlantPal,43,15,£27.91
Basic Lawn Mower - LeafLover,195,72,£51.74
Deluxe Wheelbarrow - YardKing,131,25,£28.03
Deluxe Wheelbarrow - EcoGrow,54,24,£87.83
Basic Planter - EcoGrow,38,60,£81.31
Compact Soil - PlantPal,82,37,£12.67
Eco-friendly Planter - LeafLover,79,88,£6.96
Compact Planter - PlantPal,75,50,£10.96
Deluxe Soil - PlantPal,112,8,£71.77
Large Mulch - BloomMaster,184,42,£88.37
Compact Wheelbarrow - NatureCare,141,43,£23.55
Large Soil - EarthMate,138,94,£88.2
Compact Hose - EcoGrow,65,11,£92.24
Eco-friendly Pot - GrowWell,78,86,£21.98
Compact Mulch - PlantPal,131,19,£69.43
Large Planter - EarthMate,198,6,£87.39
Small Soil - LeafLover,31,64,£55.55
Deluxe Pruner - LeafLover,173,47,£66.73
Premium Fertilizer - YardKing,123,60,£54.53
Small Rake - EarthMate,58,15,£52.04
Basic Pot - GreenThumb,165,65,£24.96
Compact Seeds - EarthMate,46,24,£33.13
Large Tool Set - GreenThumb,156,53,£97.26
Deluxe Pot - PlantPal,27,96,£22.08
Heavy-duty Planter - GardenPro,175,55,£85.1
Compact Hedge Trimmer - LeafLover,91,53,£4.46
Premium Mulch - YardKing,58,24,£45.26
Heavy-duty Pot - EarthMate,19,73,£94.79
Compact Watering Can - NatureCare,64,46,£60.11
Large Soil - BloomMaster,188,41,£13.54
Large Tool Set - NatureCare,116,25,£91.94
Foldable Leaf Blower - GreenThumb,141,9,£25.54
Lightweight Shovel - EarthMate,162,19,£7.47
Foldable Mulch - GardenPro,111,42,£78.42
Lightweight Wheelbarrow - PlantPal,82,20,£53.03
Lightweight Seeds - YardKing,84,71,£59.24
Eco-friendly Sprinkler - EcoGrow,36,17,£3.34
Compact Shovel - NatureCare,2,21,£88.38
Basic Pot - EarthMate,132,91,£76.83
Small Hose - PlantPal,15,65,£28.5
Large Planter - EcoGrow,196,31,£29.68
Premium Pruner - LeafLover,56,6,£80.45
Heavy-duty Shovel - LeafLover,126,52,£45.42
Small Sprinkler - LeafLover,184,72,£98.61
Compact Hose - GrowWell,3,51,£44.46
Compact Pot - LeafLover,117,79,£70.25
Basic Watering Can - GardenPro,162,94,£59.92
Compact Wheelbarrow - EarthMate,86,40,£54.3
Small Sprayer - GreenThumb,140,4,£44.31
Basic Tool Set - NatureCare,191,98,£46.42
Basic Rake - PlantPal,98,36,£71.59
Heavy-duty Leaf Blower - PlantPal,199,91,£70.59
Basic Watering Can - EarthMate,112,37,£16.23
Compact Trowel - GreenThumb,147,77,£50.46
Heavy-duty Seeds - BloomMaster,128,66,£65.46
Eco-friendly Wheelbarrow - GreenThumb,106,5,£45.4
Heavy-duty Lawn Mower - YardKing,95,24,£86.28
Compact Sprinkler - GreenThumb,111,98,£47.97
Eco-friendly Wheelbarrow - BloomMaster,154,15,£33.65
Heavy-duty Lawn Mower - NatureCare,65,32,£74.04
Foldable Soil - BloomMaster,175,19,£4.73
Eco-friendly Soil - GrowWell,54,57,£9.06
Lightweight Trowel - GardenPro,71,70,£12.24
Large Trowel - BloomMaster,104,73,£22.02
Deluxe Sprayer - NatureCare,48,33,£78.26
Foldable Pot - NatureCare,66,88,£9.04
Premium Hose - PlantPal,24,8,£44.53
Deluxe Hedge Trimmer - YardKing,150,24,£4.25
Basic Mulch - YardKing,146,21,£38.79
Compact Wheelbarrow - GreenThumb,3,46,£50.56
Basic Tool Set - EarthMate,144,81,£79.04
Basic Sprinkler - NatureCare,154,27,£52.44
Small Pot - LeafLover,177,87,£89.47
Compact Fertilizer - BloomMaster,134,90,£58.13
Basic Soil - EarthMate,62,65,£14.56
Foldable Sprayer - EarthMate,7,43,£38.02
Eco-friendly Wheelbarrow - GrowWell,48,20,£78.39
Small Rake - GrowWell,152,68,£31.47
Premium Planter - GardenPro,132,55,£83.02
Eco-friendly Soil - LeafLover,36,7,£50.52
Eco-friendly Watering Can - EcoGrow,134,7,£93.75
Heavy-duty Wheelbarrow - GrowWell,130,62,£61.85
Eco-friendly Watering Can - EarthMate,121,38,£87.97
Large Sprinkler - LeafLover,136,4,£31.0
Deluxe Tool Set - PlantPal,28,35,£56.43
Foldable Watering Can - EarthMate,98,6,£97.95
Eco-friendly Sprinkler - NatureCare,168,17,£94.59
Large Tool Set - BloomMaster,63,53,£83.75
Small Sprayer - YardKing,157,83,£94.55
Heavy-duty Seeds - EcoGrow,179,81,£59.49
Large Pot - PlantPal,193,42,£44.72
Large Trowel - LeafLover,54,50,£91.17
Basic Hedge Trimmer - GreenThumb,171,59,£88.24
Foldable Wheelbarrow - GrowWell,93,72,£41.6
Deluxe Leaf Blower - YardKing,95,6,£5.36
Heavy-duty Sprinkler - EarthMate,174,21,£77.37
Small Sprayer - PlantPal,63,56,£92.17
Deluxe Sprinkler - EcoGrow,118,41,£26.0
Premium Pruner - GardenPro,105,85,£94.53
Premium Rake - BloomMaster,190,55,£24.62
Lightweight Fertilizer - EcoGrow,128,23,£10.09
Basic Trowel - EcoGrow,141,23,£48.82
Deluxe Planter - NatureCare,131,93,£55.59
Lightweight Fertilizer - EarthMate,72,66,£48.52
Small Seeds - EcoGrow,199,4,£20.69
Heavy-duty Leaf Blower - GreenThumb,134,28,£15.53
Premium Lawn Mower - NatureCare,85,8,£77.95
Eco-friendly Sprayer - GrowWell,104,4,£36.9
Heavy-duty Soil - BloomMaster,39,91,£7.21
Small Mulch - EarthMate,177,13,£43.01
Basic Rake - BloomMaster,126,91,£78.49
Deluxe Sprayer - GreenThumb,115,65,£41.7
Basic Pot - NatureCare,45,51,£27.49
Basic Pot - PlantPal,195,55,£7.89
Lightweight Wheelbarrow - EarthMate,116,88,£29.91
Deluxe Seeds - EcoGrow,67,15,£90.85
Eco-friendly Hedge Trimmer - EcoGrow,172,52,£94.29
Premium Watering Can - YardKing,85,100,£80.93
Small Shovel - LeafLover,152,44,£71.16
Eco-friendly Seeds - GreenThumb,78,31,£88.95
Eco-friendly Sprayer - GreenThumb,145,84,£14.45
Compact Pot - EcoGrow,13,80,£1.76
Eco-friendly Trowel - LeafLover,112,13,£31.7
Heavy-duty Shovel - EarthMate,177,51,£7.43
Eco-friendly Sprayer - BloomMaster,183,23,£5.54
Small Shovel - YardKing,56,74,£78.15
Basic Planter - GreenThumb,75,39,£36.85
Foldable Seeds - LeafLover,147,27,£70.52
Basic Gloves - BloomMaster,195,67,£39.07
Basic Planter - LeafLover,59,38,£95.36
Deluxe Hedge Trimmer - LeafLover,97,35,£6.43
Large Fertilizer - YardKing,92,27,£47.63
Small Wheelbarrow - EcoGrow,86,32,£72.7
Deluxe Hedge Trimmer - EcoGrow,124,76,£58.94
Large Trowel - GrowWell,76,50,£99.07
Eco-friendly Pruner - YardKing,32,50,£31.6
Large Watering Can - EcoGrow,129,3,£14.05
Deluxe Shovel - GrowWell,147,31,£4.38
Small Rake - GreenThumb,36,26,£65.91
Deluxe Hedge Trimmer - LeafLover,47,66,£43.31
Large Shovel - GardenPro,62,12,£97.64
Basic Pot - NatureCare,129,25,£83.74
Basic Pot - GreenThumb,146,99,£41.49
Small Planter - EarthMate,176,18,£27.68
Lightweight Pruner - PlantPal,165,14,£78.66
Lightweight Sprayer - NatureCare,159,10,£32.85
Large Pot - EcoGrow,181,66,£59.64
Premium Wheelbarrow - GrowWell,22,37,£31.39
Large Pruner - PlantPal,80,83,£79.55
Basic Mulch - GreenThumb,115,66,£90.94
Basic Fertilizer - EcoGrow,13,68,£28.28
Eco-friendly Sprinkler - GreenThumb,183,27,£3.29
Deluxe Watering Can - GardenPro,21,79,£12.94
Eco-friendly Planter - LeafLover,115,75,£62.2
Compact Sprayer - BloomMaster,134,37,£83.63
Premium Lawn Mower - GrowWell,139,29,£6.3
Large Sprayer - GardenPro,10,44,£26.88
Lightweight Pot - EcoGrow,116,3,£22.02
Basic Watering Can - EarthMate,138,80,£40.23
Lightweight Leaf Blower - BloomMaster,129,2,£24.93
Basic Lawn Mower - PlantPal,85,36,£28.37
Heavy-duty Lawn Mower - GreenThumb,49,44,£38.26
Basic Shovel - GreenThumb,60,70,£97.33
Basic Trowel - EcoGrow,180,59,£65.4
Lightweight Shovel - EarthMate,50,88,£12.97
Lightweight Wheelbarrow - EcoGrow,136,11,£98.71
Eco-friendly Lawn Mower - YardKing,126,47,£99.35
Lightweight Soil - GrowWell,136,82,£15.15
Compact Tool Set - NatureCare,157,84,£95.42
Compact Fertilizer - LeafLover,106,61,£9.48
Foldable Rake - PlantPal,180,29,£44.56
Deluxe Pruner - BloomMaster,194,100,£19.73
Eco-friendly Leaf Blower - GrowWell,64,85,£92.5
Basic Trowel - YardKing,157,30,£54.88
Eco-friendly Rake - LeafLover,125,63,£17.69
Eco-friendly Tool Set - LeafLover,148,95,£71.23
Eco-friendly Soil - PlantPal,98,34,£20.09
Basic Shovel - EcoGrow,57,88,£33.16
Heavy-duty Planter - PlantPal,14,68,£73.55
Basic Mulch - NatureCare,89,29,£63.17
Deluxe Gloves - NatureCare,91,84,£77.6
Deluxe Pot - NatureCare,175,56,£65.89
Foldable Seeds - GreenThumb,97,6,£61.22
Foldable Trowel - LeafLover,81,52,£52.68
Foldable Wheelbarrow - NatureCare,76,51,£81.24
Lightweight Planter - LeafLover,186,1,£46.43
Lightweight Pruner - YardKing,113,11,£27.07
Compact Shovel - EarthMate,13,56,£1.18
Large Planter - GrowWell,76,53,£64.94
Small Seeds - NatureCare,191,21,£4.52
Compact Fertilizer - YardKing,84,16,£76.18
Heavy-duty Leaf Blower - EcoGrow,104,26,£3.47
Foldable Planter - EcoGrow,150,40,£96.16
Large Lawn Mower - LeafLover,79,92,£40.52
Heavy-duty Gloves - GrowWell,18,37,£83.31
Lightweight Watering Can - EcoGrow,107,80,£47.68
Large Soil - GardenPro,92,25,£52.03
Large Trowel - GreenThumb,28,1,£34.99
Small Wheelbarrow - PlantPal,133,44,£20.72
Foldable Hedge Trimmer - EarthMate,87,40,£41.68
Premium Sprinkler - BloomMaster,65,89,£89.22
Foldable Sprinkler - EarthMate,90,20,£69.3
Compact Hedge Trimmer - PlantPal,49,27,£23.39
Lightweight Tool Set - GardenPro,191,63,£55.46
Premium Planter - GreenThumb,156,54,£66.73
Lightweight Planter - GreenThumb,185,23,£65.68
Lightweight Tool Set - GreenThumb,16,42,£98.86
Premium Sprinkler - NatureCare,24,43,£82.39
Premium Seeds - GrowWell,196,78,£89.32
Deluxe Shovel - PlantPal,162,43,£1.99
Eco-friendly Rake - BloomMaster,152,73,£49.12
Small Tool Set - GreenThumb,197,10,£15.95
Eco-friendly Leaf Blower - NatureCare,104,9,£6.38
Deluxe Pot - NatureCare,98,1,£52.1
Compact Fertilizer - EarthMate,51,58,£0.35
Deluxe Watering Can - EarthMate,140,22,£66.98
Heavy-duty Sprinkler - GardenPro,90,29,£79.7
Large Wheelbarrow - LeafLover,69,23,£8.01
Compact Soil - EarthMate,141,78,£15.4
Compact Sprayer - NatureCare,76,20,£53.53
Compact Wheelbarrow - NatureCare,56,12,£32.35
Deluxe Sprinkler - EcoGrow,63,55,£64.15
Deluxe Soil - GrowWell,128,71,£39.75
Foldable Rake - EcoGrow,63,87,£7.55
Large Watering Can - GardenPro,19,63,£9.81
Eco-friendly Pot - GardenPro,98,85,£35.63
Premium Hose - GreenThumb,126,39,£72.79
Large Leaf Blower - GrowWell,25,11,£20.83
Heavy-duty Hose - YardKing,166,94,£9.31
Premium Pruner - GreenThumb,54,19,£15.11
Basic Shovel - GreenThumb,53,58,£92.79
Basic Hose - EcoGrow,22,69,£56.78
Eco-friendly Fertilizer - LeafLover,103,11,£14.15
Heavy-duty Soil - GardenPro,193,97,£33.59
Premium Planter - NatureCare,152,58,£81.39
Lightweight Mulch - LeafLover,29,33,£17.25
Small Sprinkler - LeafLover,6,10,£24.73
Compact Wheelbarrow - BloomMaster,177,80,£26.79
Premium Wheelbarrow - LeafLover,196,42,£27.86
Compact Mulch - GreenThumb,137,59,£94.45
Basic Hedge Trimmer - LeafLover,138,39,£36.67
Large Wheelbarrow - BloomMaster,23,42,£90.68
Large Lawn Mower - GardenPro,151,24,£79.61
Eco-friendly Planter - NatureCare,199,33,£67.74
Lightweight Shovel - YardKing,98,52,£95.46
Large Pruner - LeafLover,153,89,£7.22
Small Tool Set - GreenThumb,165,77,£19.24
Basic Hose - EarthMate,146,90,£85.55
Compact Watering Can - GreenThumb,53,36,£80.55
Large Pot - YardKing,178,44,£2.75
Compact Watering Can - EarthMate,68,79,£90.71
Premium Wheelbarrow - GreenThumb,87,87,£96.19
Lightweight Pruner - YardKing,88,11,£23.02
Small Lawn Mower - BloomMaster,9,54,£44.85
Eco-friendly Wheelbarrow - GardenPro,158,72,£78.31
Basic Gloves - GardenPro,130,56,£90.8
Premium Watering Can - BloomMaster,24,48,£17.85
Large Hedge Trimmer - GreenThumb,15,70,£64.73
Lightweight Watering Can - BloomMaster,92,50,£1.1
Basic Leaf Blower - GreenThumb,168,56,£93.74
Premium Soil - EcoGrow,121,53,£20.72
Small Shovel - EcoGrow,167,77,£35.34
Large Mulch - EarthMate,155,95,£92.34
Heavy-duty Pruner - PlantPal,69,72,£16.43
Eco-friendly Fertilizer - YardKing,89,94,£17.79
Lightweight Hedge Trimmer - PlantPal,39,100,£71.34
Large Wheelbarrow - GrowWell,111,7,£20.84
Heavy-duty Pot - NatureCare,128,77,£64.95
Foldable Gloves - NatureCare,165,73,£43.03
Eco-friendly Leaf Blower - BloomMaster,22,76,£60.87
Foldable Pot - LeafLover,48,6,£90.72
Foldable Soil - GardenPro,135,54,£79.08
Basic Hose - LeafLover,87,50,£24.1
Large Wheelbarrow - PlantPal,119,15,£81.52
Small Planter - GrowWell,70,99,£79.51
Foldable Hose - BloomMaster,139,88,£25.63
Premium Mulch - GrowWell,17,23,£44.7
Compact Soil - NatureCare,156,75,£66.23
Small Hose - LeafLover,79,15,£36.33
Compact Fertilizer - BloomMaster,136,99,£96.36
Premium Pot - PlantPal,47,77,£97.51
Foldable Lawn Mower - BloomMaster,67,63,£67.62
Compact Wheelbarrow - LeafLover,87,16,£45.46
Eco-friendly Wheelbarrow - EarthMate,23,81,£84.55
Foldable Mulch - YardKing,31,54,£60.17
Eco-friendly Pruner - EcoGrow,178,49,£79.2
Basic Hedge Trimmer - GrowWell,54,10,£54.93
Premium Planter - NatureCare,146,72,£43.35
Premium Mulch - GreenThumb,105,39,£3.87
Eco-friendly Leaf Blower - NatureCare,43,71,£52.13
Deluxe Soil - NatureCare,38,79,£25.24
Large Rake - GrowWell,119,81,£85.83
Small Hose - EarthMate,107,71,£32.76
Small Wheelbarrow - LeafLover,48,76,£93.43
Lightweight Pruner - GreenThumb,33,18,£13.33
Premium Hose - BloomMaster,127,91,£0.82
Foldable Sprayer - GrowWell,161,56,£96.5
Large Pot - LeafLover,138,4,£84.89
Premium Soil - EcoGrow,6,39,£73.43
Basic Planter - GardenPro,74,10,£6.0
Premium Planter - YardKing,149,73,£51.54
Compact Lawn Mower - YardKing,160,35,£63.84
Deluxe Sprinkler - GreenThumb,138,54,£35.57
Compact Hedge Trimmer - EcoGrow,68,22,£64.21
Premium Sprayer - PlantPal,187,33,£17.74
Deluxe Wheelbarrow - PlantPal,70,33,£3.51
Premium Sprayer - GardenPro,84,76,£16.42
Eco-friendly Lawn Mower - PlantPal,192,55,£68.84
Eco-friendly Planter - EcoGrow,92,12,£60.12
Large Trowel - EarthMate,177,60,£66.22
Basic Mulch - LeafLover,95,65,£42.59
Premium Leaf Blower - GardenPro,48,30,£32.16
Large Lawn Mower - LeafLover,6,2,£98.04
Foldable Mulch - LeafLover,62,27,£20.45
Compact Pruner - GreenThumb,70,64,£77.39
Compact Hose - YardKing,43,60,£36.72
Lightweight Pruner - EarthMate,94,39,£23.86
Heavy-duty Gloves - GreenThumb,33,49,£4.31
Compact Hose - NatureCare,118,8,£63.31
Heavy-duty Wheelbarrow - YardKing,18,14,£94.35
Heavy-duty Sprinkler - BloomMaster,57,55,£82.68
Deluxe Sprinkler - EarthMate,176,9,£89.9
Lightweight Soil - PlantPal,21,9,£21.71
Eco-friendly Planter - LeafLover,142,41,£43.45
Eco-friendly Seeds - NatureCare,136,79,£18.87
Compact Mulch - EarthMate,63,55,£10.2
Deluxe Mulch - GreenThumb,47,87,£83.05
Deluxe Watering Can - GardenPro,11,75,£16.07
Compact Planter - YardKing,97,51,£97.97
Basic Watering Can - EarthMate,123,90,£70.87
Basic Trowel - BloomMaster,191,46,£17.55
Large Hose - GardenPro,168,76,£38.0
Heavy-duty Shovel - NatureCare,120,41,£29.7
Deluxe Planter - NatureCare,95,50,£62.09
Lightweight Planter - GreenThumb,10,56,£27.53
Large Planter - EarthMate,92,16,£95.42
Lightweight Lawn Mower - NatureCare,117,44,£85.03
Foldable Seeds - YardKing,30,24,£94.17
Deluxe Seeds - LeafLover,30,20,£88.97
Small Soil - LeafLover,43,13,£53.09
Basic Trowel - GreenThumb,107,64,£72.16
Foldable Shovel - BloomMaster,195,13,£93.26
Eco-friendly Fertilizer - YardKing,42,81,£2.99
Small Gloves - GrowWell,97,30,£73.77
Foldable Pot - BloomMaster,60,35,£12.74
Heavy-duty Hose - GrowWell,196,75,£23.31
Heavy-duty Shovel - GrowWell,17,7,£30.28
Large Shovel - GrowWell,95,69,£74.49
Lightweight Gloves - GreenThumb,92,1,£31.85
Foldable Shovel - GrowWell,195,76,£55.5
Small Tool Set - YardKing,127,83,£30.44
Lightweight Watering Can - YardKing,70,23,£13.7
Heavy-duty Pruner - NatureCare,74,9,£93.1
Eco-friendly Wheelbarrow - EcoGrow,189,30,£56.55
Eco-friendly Planter - YardKing,83,99,£16.24
Compact Sprayer - BloomMaster,64,72,£50.63
Foldable Tool Set - BloomMaster,118,56,£48.83
Heavy-duty Pruner - GreenThumb,186,2,£3.15
Heavy-duty Hedge Trimmer - PlantPal,51,42,£97.2
Large Pruner - GrowWell,65,90,£30.01
Lightweight Soil - NatureCare,166,22,£56.29
Eco-friendly Pot - YardKing,193,51,£62.57
Deluxe Mulch - PlantPal,2,99,£58.03
Small Hedge Trimmer - EarthMate,48,29,£14.14
Foldable Sprayer - YardKing,9,9,£64.86
Small Planter - EcoGrow,87,15,£16.03
Foldable Sprayer - EcoGrow,162,30,£35.1
Heavy-duty Shovel - GrowWell,137,83,£84.28
Small Sprayer - GardenPro,199,58,£74.62
Premium Tool Set - GreenThumb,83,66,£30.71
Eco-friendly Pruner - EarthMate,176,37,£90.0
Basic Gloves - EarthMate,140,10,£85.91
Small Hedge Trimmer - PlantPal,53,76,£0.41
Basic Shovel - NatureCare,184,73,£57.58
Lightweight Sprayer - GrowWell,92,2,£25.53
Compact Hedge Trimmer - GardenPro,144,11,£64.95
Deluxe Watering Can - GardenPro,77,24,£51.61
Deluxe Soil - GreenThumb,87,58,£38.14
Basic Hedge Trimmer - BloomMaster,15,64,£69.09
Eco-friendly Sprayer - PlantPal,163,94,£64.9
Deluxe Fertilizer - GardenPro,22,64,£5.49
Lightweight Sprayer - YardKing,160,78,£88.19
Eco-friendly Tool Set - NatureCare,167,51,£39.32
Compact Pot - NatureCare,59,58,£45.88
Lightweight Hedge Trimmer - GardenPro,26,42,£94.61
Small Mulch - YardKing,75,93,£67.48
Premium Hedge Trimmer - GrowWell,6,64,£75.44
Premium Watering Can - NatureCare,126,23,£73.91
Deluxe Planter - EcoGrow,20,22,£43.17
Eco-friendly Leaf Blower - GrowWell,99,10,£60.59
Lightweight Tool Set - GardenPro,154,11,£75.52
Basic Tool Set - LeafLover,200,30,£93.31
Basic Tool Set - EcoGrow,137,64,£22.05
Premium Gloves - GrowWell,17,61,£14.96
Compact Pruner - YardKing,35,77,£3.06
Lightweight Rake - EcoGrow,34,34,£94.35
Eco-friendly Fertilizer - GreenThumb,96,16,£63.29
Large Hedge Trimmer - EarthMate,122,32,£16.97
Premium Planter - NatureCare,73,69,£55.06
Small Sprayer - LeafLover,71,76,£29.15
Small Tool Set - NatureCare,129,76,£26.05
Eco-friendly Soil - LeafLover,26,77,£96.5
Large Soil - GardenPro,129,20,£10.55
Small Pruner - GardenPro,126,74,£69.16
Heavy-duty Lawn Mower - YardKing,103,90,£79.08
Premium Fertilizer - PlantPal,53,73,£82.51
Large Mulch - GreenThumb,73,7,£29.52
Premium Sprayer - NatureCare,63,81,£53.6
Deluxe Mulch - BloomMaster,92,93,£43.68
Small Sprinkler - PlantPal,138,69,£61.77
Heavy-duty Rake - YardKing,7,27,£97.73
Lightweight Trowel - EcoGrow,167,93,£54.18
Premium Planter - YardKing,62,78,£70.55
Heavy-duty Tool Set - EarthMate,154,3,£22.75
Premium Wheelbarrow - EcoGrow,139,61,£38.92
Eco-friendly Lawn Mower - GrowWell,122,71,£41.96
Foldable Hose - PlantPal,117,23,£17.44
Eco-friendly Pruner - YardKing,25,88,£14.31
Lightweight Gloves - YardKing,190,13,£46.27
Eco-friendly Gloves - GrowWell,133,30,£13.62
Foldable Pruner - LeafLover,98,54,£45.51
Large Planter - EarthMate,153,15,£20.96
Large Seeds - GreenThumb,144,50,£91.63
Heavy-duty Sprayer - BloomMaster,128,69,£4.69
Large Tool Set - EarthMate,1,54,£41.5
Eco-friendly Wheelbarrow - YardKing,35,28,£68.81
Foldable Gloves - EarthMate,6,77,£96.14
Large Lawn Mower - YardKing,131,32,£12.94
Compact Tool Set - EcoGrow,67,71,£20.35
Heavy-duty Watering Can - YardKing,147,68,£63.29
Basic Rake - BloomMaster,186,12,£91.0
Large Sprinkler - GreenThumb,107,29,£22.78
Basic Hose - GrowWell,163,9,£98.3
Basic Hose - LeafLover,1,90,£94.36
Lightweight Planter - NatureCare,78,58,£30.14
Premium Soil - GardenPro,130,5,£6.18
Lightweight Leaf Blower - YardKing,171,59,£74.51
Heavy-duty Soil - NatureCare,154,7,£79.49
Foldable Hose - EarthMate,135,29,£59.2
Heavy-duty Lawn Mower - LeafLover,77,3,£37.97
Small Tool Set - NatureCare,125,29,£9.23
Heavy-duty Wheelbarrow - YardKing,9,11,£73.86
Foldable Leaf Blower - GardenPro,92,35,£62.41
Heavy-duty Gloves - YardKing,17,39,£31.65
Deluxe Wheelbarrow - LeafLover,75,6,£68.69
Lightweight Fertilizer - NatureCare,71,30,£84.31
Heavy-duty Soil - EarthMate,196,40,£75.03
Large Rake - YardKing,173,6,£96.85
Eco-friendly Watering Can - GrowWell,16,17,£40.76
Lightweight Rake - LeafLover,123,6,£57.13
Eco-friendly Soil - YardKing,44,50,£49.34
Premium Planter - GreenThumb,161,38,£69.33
Eco-friendly Gloves - EarthMate,36,86,£48.65
Foldable Trowel - GrowWell,83,85,£84.46
Eco-friendly Lawn Mower - GreenThumb,65,83,£8.89
Foldable Seeds - GreenThumb,33,77,£75.91
Heavy-duty Lawn Mower - GreenThumb,105,85,£1.57
Large Tool Set - GrowWell,119,57,£20.93
Eco-friendly Pruner - NatureCare,62,82,£5.05
Basic Watering Can - YardKing,169,100,£44.67
Lightweight Watering Can - GreenThumb,171,60,£62.9
Eco-friendly Hose - GreenThumb,171,24,£59.98
Large Pot - EcoGrow,138,21,£56.83
Premium Soil - LeafLover,198,60,£99.17
Small Leaf Blower - YardKing,11,6,£84.08
Eco-friendly Fertilizer - PlantPal,174,46,£29.41
Lightweight Trowel - GreenThumb,84,50,£79.35
Premium Rake - NatureCare,129,31,£38.22
Compact Sprinkler - BloomMaster,59,55,£53.88
Premium Tool Set - NatureCare,200,90,£29.19
Lightweight Seeds - EarthMate,155,25,£76.21
Basic Hedge Trimmer - EarthMate,123,36,£34.25
Foldable Pruner - BloomMaster,39,6,£40.41
Deluxe Tool Set - LeafLover,107,78,£66.41
Basic Shovel - GreenThumb,174,30,£72.04
Foldable Sprayer - EcoGrow,81,6,£35.51
Compact Watering Can - YardKing,104,86,£34.02
Small Watering Can - PlantPal,30,6,£18.67
Compact Hedge Trimmer - GardenPro,14,12,£87.44
Basic Seeds - PlantPal,106,47,£68.29
Foldable Shovel - PlantPal,142,92,£40.49
Lightweight Watering Can - EcoGrow,75,88,£87.08
Lightweight Sprinkler - LeafLover,150,72,£18.98
Foldable Wheelbarrow - PlantPal,133,29,£34.26
Small Pot - GardenPro,112,98,£2.06
Heavy-duty Hose - EarthMate,163,92,£98.44
Foldable Pot - EcoGrow,78,88,£74.21
Foldable Seeds - BloomMaster,91,27,£88.29
Heavy-duty Leaf Blower - PlantPal,170,22,£9.67
Eco-friendly Gloves - EcoGrow,80,81,£93.38
Small Shovel - PlantPal,79,23,£98.92
Eco-friendly Fertilizer - LeafLover,114,27,£24.61
Eco-friendly Rake - GrowWell,54,19,£54.59
Basic Planter - BloomMaster,161,99,£83.07
Lightweight Planter - GardenPro,159,63,£22.67
Basic Shovel - EarthMate,56,52,£71.12
Premium Gloves - GreenThumb,123,47,£48.3
Premium Mulch - GrowWell,71,50,£14.86
Lightweight Hose - PlantPal,84,5,£84.71
Deluxe Leaf Blower - EcoGrow,90,60,£99.74
Foldable Watering Can - NatureCare,54,93,£13.04
Eco-friendly Leaf Blower - NatureCare,46,35,£56.79
Basic Wheelbarrow - YardKing,60,39,£81.34
Heavy-duty Seeds - PlantPal,131,56,£16.08
Foldable Tool Set - GrowWell,38,31,£55.53
Premium Shovel - BloomMaster,13,57,£79.68
Eco-friendly Sprayer - YardKing,177,4,£94.89
Deluxe Hose - EarthMate,99,96,£87.18
Lightweight Leaf Blower - NatureCare,95,93,£98.94
Heavy-duty Hose - EcoGrow,50,93,£35.42
Heavy-duty Sprinkler - EarthMate,141,95,£81.87
Eco-friendly Wheelbarrow - EcoGrow,176,86,£14.93
Foldable Sprayer - PlantPal,48,25,£19.05
Basic Fertilizer - EcoGrow,121,69,£66.46
Deluxe Trowel - EcoGrow,182,53,£50.28
Basic Soil - NatureCare,193,94,£65.31
Lightweight Shovel - BloomMaster,92,15,£43.18